{"cameraMode":{"drawMode":0,"name":"Shaded","section":"Shading Mode"},"sceneLighting":true,"audioPlay":false,"sceneViewState":{"m_AlwaysRefresh":false,"showFog":true,"showSkybox":true,"showFlares":true,"showImageEffects":true,"showParticleSystems":true,"showVisualEffectGraphs":true,"m_FxEnabled":true},"in2DMode":false,"pivot":{"x":-3.301917552947998,"y":5.270338535308838,"z":-13.765080451965332},"rotation":{"x":-0.014700744301080704,"y":0.9849501848220825,"z":-0.13409291207790376,"w":-0.10798536241054535},"size":13.022601127624512,"orthographic":false}